<?xml version="1.0" encoding="UTF-8" standalone="yes"?>
<ns2:boBeanNodeDescriptor xmlns:ns2="http://schema.linogistix.com/bobeandescriptor">
    <descriptions>
        <entry>
            <key>number</key>
            <value>
                <group>
                    <name>main</name>
                </group>
                <hidden>false</hidden>
                <position>1</position>
            </value>
        </entry>
		<entry>
			<key>positions</key>
			<value>
				<group>
					<name>main</name>
				</group>
				<hidden>false</hidden>
				<position>2</position>
				<typeHint>de.linogistix.los.inventory.model.LOSGoodsOutRequestPosition</typeHint>
			</value>
		</entry>
		<entry>
			<key>parentRequest</key>
			<value>
				<group>
					<name>main</name>
				</group>
				<hidden>false</hidden>
				<position>3</position>
				<typeHint>de.linogistix.los.inventory.model.LOSOrderRequest</typeHint>
			</value>
		</entry>
		<entry>
			<key>outState</key>
			<value>
				<group>
					<name>main</name>
				</group>
				<hidden>false</hidden>
				<position>4</position>
			</value>
		</entry>
		<entry>
			<key>operator</key>
			<value>
				<group>
					<name>main</name>
				</group>
				<hidden>false</hidden>
				<position>5</position>
				<typeHint>org.mywms.model.User</typeHint>
			</value>
		</entry>
		<entry>
			<key>parentRequestNumber</key>
			<value>
				<group>
					<name>main</name>
				</group>
				<hidden>true</hidden>
				<position>10</position>
			</value>
		</entry>

		

    </descriptions>
    <groups>
        <groupPosition>10</groupPosition>
        <hidden>false</hidden>
        <name>main</name>
    </groups>

</ns2:boBeanNodeDescriptor>