<?xml version="1.0" encoding="UTF-8" standalone="yes"?>
<ns2:boBeanNodeDescriptor xmlns:ns2="http://schema.linogistix.com/bobeandescriptor">
    <descriptions>
		<entry>
			<key>goodsOutRequest</key>
			<value>
				<group>
					<name>main</name>
				</group>
				<hidden>false</hidden>
				<position>1</position>
				<typeHint>de.linogistix.los.inventory.model.LOSGoodsOutRequest</typeHint>
			</value>
		</entry>
		<entry>
			<key>outState</key>
			<value>
				<group>
					<name>main</name>
				</group>
				<hidden>false</hidden>
				<position>2</position>
			</value>
		</entry>
		<entry>
			<key>source</key>
			<value>
				<group>
					<name>main</name>
				</group>
				<hidden>false</hidden>
				<position>3</position>
				<typeHint>de.linogistix.los.location.model.LOSUnitLoad</typeHint>
			</value>
		</entry>
       
		

    </descriptions>
    <groups>
        <groupPosition>10</groupPosition>
        <hidden>false</hidden>
        <name>main</name>
    </groups>
    
</ns2:boBeanNodeDescriptor>