<?xml version="1.0" encoding="UTF-8" standalone="yes"?>
<ns2:boBeanNodeDescriptor xmlns:ns2="http://schema.linogistix.com/bobeandescriptor">
    <descriptions>
		<entry>
			<key>pickRequest</key>
			<value>
				<group>
					<name>main</name>
				</group>
				<hidden>false</hidden>
				<position>1</position>
				<typeHint>de.linogistix.los.inventory.picking.model.LOSPickRequest</typeHint>
			</value>
		</entry>
		<entry>
			<key>parentRequest</key>
			<value>
				<group>
					<name>main</name>
				</group>
				<hidden>false</hidden>
				<position>2</position>
				<typeHint>de.linogistix.los.inventory.picking.model.LOSOrderRequestPosition</typeHint>
			</value>
		</entry>
		<entry>
			<key>itemData</key>
			<value>
				<group>
					<name>main</name>
				</group>
				<hidden>false</hidden>
				<position>3</position>
			</value>
		</entry>
		<entry>
			<key>picked</key>
			<value>
				<group>
					<name>main</name>
				</group>
				<hidden>false</hidden>
				<position>4</position>
			</value>
		</entry>
		<entry>
			<key>canceled</key>
			<value>
				<group>
					<name>main</name>
				</group>
				<hidden>false</hidden>
				<position>5</position>
			</value>
		</entry>
        <entry>
			<key>amount</key>
            <value>
                <group>
                    <name>main</name>
                </group>
                <hidden>false</hidden>
                <position>6</position>
            </value>
        </entry>
        <entry>
			<key>pickedAmount</key>
            <value>
                <group>
                    <name>main</name>
                </group>
                <hidden>false</hidden>
                <position>7</position>
            </value>
        </entry>
		
		<entry>
			<key>index</key>
			<value>
				<group>
					<name>main</name>
				</group>
				<hidden>false</hidden>
				<position>8</position>
			</value>
		</entry>
		<entry>
			<key>complementOn</key>
			<value>
				<group>
					<name>main</name>
				</group>
				<hidden>false</hidden>
				<position>9</position>
			</value>
		</entry>
		<entry>
			<key>complements</key>
			<value>
				<group>
					<name>main</name>
				</group>
				<hidden>false</hidden>
				<position>10</position>
			</value>
		</entry>
		<entry>
			<key>stockUnit</key>
			<value>
				<group>
					<name>main</name>
				</group>
				<hidden>false</hidden>
				<position>11</position>
			</value>
		</entry>
		<entry>
			<key>unitLoad</key>
			<value>
				<group>
					<name>main</name>
				</group>
				<hidden>false</hidden>
				<position>12</position>
			</value>
		</entry>
		<entry>
			<key>storageLocation</key>
			<value>
				<group>
					<name>main</name>
				</group>
				<hidden>false</hidden>
				<position>13</position>
			</value>
		</entry>
		<entry>
			<key>withdrawalType</key>
			<value>
				<group>
					<name>main</name>
				</group>
				<hidden>false</hidden>
				<position>14</position>
			</value>
		</entry>
		<entry>
			<key>substitutionType</key>
			<value>
				<group>
					<name>main</name>
				</group>
				<hidden>false</hidden>
				<position>15</position>
			</value>
		</entry>
		<entry>
			<key>displayAmount</key>
			<value>
				<group>
					<name>main</name>
				</group>
				<hidden>true</hidden>
				<position>16</position>
			</value>
		</entry>
		<entry>
			<key>displayPickedAmount</key>
			<value>
				<group>
					<name>main</name>
				</group>
				<hidden>true</hidden>
				<position>16</position>
			</value>
		</entry>
		<entry>
			<key>pickingDimensionType</key>
			<value>
				<group>
					<name>main</name>
				</group>
				<hidden>true</hidden>
				<position>16</position>
			</value>
		</entry>
		<entry>
			<key>pickingSupplyType</key>
			<value>
				<group>
					<name>main</name>
				</group>
				<hidden>true</hidden>
				<position>16</position>
			</value>
		</entry>
		<entry>
			<key>solved</key>
			<value>
				<group>
					<name>main</name>
				</group>
				<hidden>true</hidden>
				<position>16</position>
			</value>
		</entry>
       
		

    </descriptions>
    <groups>
        <groupPosition>10</groupPosition>
        <hidden>false</hidden>
        <name>main</name>
    </groups>
    
</ns2:boBeanNodeDescriptor>