<?xml version="1.0" encoding="UTF-8" standalone="yes"?>
<ns2:boBeanNodeDescriptor xmlns:ns2="http://schema.linogistix.com/bobeandescriptor">
    <descriptions>
        <entry>
            <key>name</key>
            <value>
                <group>
                    <name>main</name>
                </group>
                <hidden>false</hidden>
                <position>2</position>
            </value>
        </entry>
        <entry>
            <key>numberOfRows</key>
            <value>
                <group>
                    <name>main</name>
                </group>
                <hidden>true</hidden>
                <position>3</position>
            </value>
        </entry>
        <entry>
            <key>numberOfColumns</key>
            <value>
                <group>
                    <name>main</name>
                </group>
                <hidden>true</hidden>
                <position>4</position>
            </value>
        </entry>
        <entry>
            <key>labelOffset</key>
            <value>
                <group>
                    <name>main</name>
                </group>
                <hidden>true</hidden>
                <position>5</position>
            </value>
        </entry>
        <entry>
            <key>rackLocations</key>
            <value>
                <group>
                    <name>main</name>
                </group>
                <hidden>false</hidden>
                <position>6</position>
                <typeHint>de.linogistix.los.location.model.LOSRackLocation</typeHint>
            </value>
        </entry>
    </descriptions>
</ns2:boBeanNodeDescriptor>