<?xml version="1.0" encoding="UTF-8" standalone="yes"?>
<ns2:boBeanNodeDescriptor xmlns:ns2="http://schema.linogistix.com/bobeandescriptor">
    <descriptions>
        <entry>
            <key>name</key>
            <value>
                <group>
                    <name>main</name>
                </group>
                <hidden>false</hidden>
                <position>1</position>
            </value>
        </entry>
        <entry>
            <key>type</key>
            <value>
                <group>
                    <name>main</name>
                </group>
                <hidden>false</hidden>
                <position>2</position>
            </value>
        </entry>
        <entry>
            <key>area</key>
            <value>
                <group>
                    <name>main</name>
                </group>
                <hidden>false</hidden>
                <position>3</position>
            </value>
        </entry>
        <entry>
            <key>cluster</key>
            <value>
                <group>
                    <name>main</name>
                </group>
                <hidden>true</hidden>
                <position>4</position>
            </value>
        </entry>
        <entry>
            <key>currentTypeCapacityConstraint</key>
            <value>
                <group>
                    <name>main</name>
                </group>
                <hidden>true</hidden>
                <position>5</position>
            </value>
        </entry>
        <entry>
            <key>unitLoads</key>
            <value>
                <group>
                    <name>main</name>
                </group>
                <hidden>false</hidden>
                <position>6</position>
                <typeHint>de.linogistix.los.location.model.LOSUnitLoad</typeHint>
            </value>
        </entry>
        <entry>
            <key>reservedCapacity</key>
            <value>
                <group>
                    <name>main</name>
                </group>
                <hidden>false</hidden>
                <position>7</position>
            </value>
        </entry>
        <entry>
            <key>stockTakingDate</key>
            <value>
                <group>
                    <name>stockTaking</name>
                </group>
                <hidden>false</hidden>
                <position>1</position>
            </value>
        </entry>
    </descriptions>
    
    <groups>
        <groupPosition>3</groupPosition>
        <hidden>false</hidden>
        <name>stockTaking</name>
    </groups>

</ns2:boBeanNodeDescriptor>