<?xml version="1.0" encoding="UTF-8" standalone="yes"?>
<ns2:boBeanNodeDescriptor xmlns:ns2="http://schema.linogistix.com/bobeandescriptor">
    <descriptions>
        <entry>
            <key>additionalId</key>
            <value>
                <group>
                    <name>main</name>
                </group>
                <hidden>false</hidden>
                <position>1</position>
            </value>
        </entry>
        <entry>
            <key>unitLoad</key>
            <value>
                <group>
                    <name>main</name>
                </group>
                <hidden>false</hidden>
                <position>2</position>
                <typeHint>de.linogistix.los.location.model.LOSUnitLoad</typeHint>
            </value>
        </entry>
        
        <entry>
            <key>itemData</key>
            <value>
                <group>
                    <name>itemData</name>
                </group>
                <hidden>false</hidden>
                <position>1</position>
            </value>
        </entry>
        <entry>
            <key>itemUnit</key>
            <value>
                <group>
                    <name>itemData</name>
                </group>
                <hidden>false</hidden>
                <persistentField>false</persistentField>
                <position>2</position>
            </value>
        </entry>
        
        <entry>
            <key>lot</key>
            <value>
                <group>
                    <name>itemData</name>
                </group>
                <hidden>false</hidden>
                <position>3</position>
            </value>
        </entry>
        
        <entry>
            <key>amount</key>
            <value>
                <group>
                    <name>amount</name>
                </group>
                <hidden>false</hidden>
                <position>1</position>
            </value>
        </entry>
        <entry>
            <key>reservedAmount</key>
            <value>
                <group>
                    <name>amount</name>
                </group>
                <hidden>false</hidden>
                <position>2</position>
            </value>
        </entry>
        <entry>
            <key>availableAmount</key>
            <value>
                <group>
                    <name>amount</name>
                </group>
                <hidden>false</hidden>
                <position>3</position>
            </value>
        </entry>
        <entry>
            <key>displayAmount</key>
            <value>
                <group>
                    <name>amount</name>
                </group>
                <hidden>false</hidden>
                <position>4</position>
                <persistentField>false</persistentField>
            </value>
        </entry>
    </descriptions>
    <forClass>org.mywms.model.StockUnit</forClass>
    <groups>
        <groupPosition>10</groupPosition>
        <hidden>false</hidden>
        <name>main</name>
    </groups>
    <groups>
        <groupPosition>11</groupPosition>
        <hidden>false</hidden>
        <name>itemData</name>
    </groups>
    <groups>
        <groupPosition>13</groupPosition>
        <hidden>false</hidden>
        <name>amount</name>
    </groups>
    
</ns2:boBeanNodeDescriptor>