<?xml version="1.0" encoding="UTF-8" standalone="yes"?>
<ns2:boBeanNodeDescriptor xmlns:ns2="http://schema.linogistix.com/bobeandescriptor">
    <descriptions>
        <entry>
            <key>firstname</key>
            <value>
                <group>
                    <name>contact</name>
                </group>
                <hidden>false</hidden>
                <position>2</position>
            </value>
        </entry>
        <entry>
            <key>lastname</key>
            <value>
                <group>
                    <name>contact</name>
                </group>
                <hidden>false</hidden>
                <position>2</position>
            </value>
        </entry>
         <entry>
            <key>phone</key>
            <value>
                <group>
                    <name>contact</name>
                </group>
                <hidden>false</hidden>
                <position>3</position>
            </value>
        </entry>
         <entry>
            <key>email</key>
            <value>
                <group>
                    <name>contact</name>
                </group>
                <hidden>false</hidden>
                <position>4</position>
            </value>
        </entry>
         <entry>
            <key>locale</key>
            <value>
                <group>
                    <name>contact</name>
                </group>
                <hidden>false</hidden>
                <position>5</position>
            </value>
        </entry>
        <entry>
            <key>name</key>
            <value>
                <group>
                    <name>access</name>
                </group>
                <hidden>false</hidden>
                <position>1</position>
            </value>
        </entry>
        <entry>
            <key>password</key>
            <value>
                <group>
                    <name>access</name>
                </group>
                <hidden>false</hidden>
                <position>2</position>
            </value>
        </entry>
        <entry>
            <key>roles</key>
            <value>
                <group>
                    <name>access</name>
                </group>
                <hidden>false</hidden>
                <position>3</position>
                <typeHint>org.mywms.model.Role</typeHint>
            </value>
        </entry>
    </descriptions>
    <forClass>org.mywms.model.BasicEntity</forClass>
    <groups>
        <groupPosition>3</groupPosition>
        <hidden>false</hidden>
        <name>contact</name>
    </groups>
    <groups>
        <groupPosition>4</groupPosition>
        <hidden>false</hidden>
        <name>access</name>
    </groups>
</ns2:boBeanNodeDescriptor>